592e2416539988be505b7142d59e52aa,works great
3d50aa286fcb235a7b26496bdb3161e9,works great
d6458d81b95afbd1cdbb48b451a199a1,works great
fd2e6a591682db0344751eb1280ed1e8,works great
8235a21de3ed10a4366d079977a7cee8,works great
751c01549b891ed105a2ac90e663dd26,works great
fc14e816b35142e33733a29f8cc92409,works great
f3bb4c0d9e3d702a5910089d64eb807d,works great
65b83bdfc19fe4e493b80345772eb767,works great
9b9d303b0c73eb1cf754275f5da6f32e,works great
4a87891a9701d364d4fb7c9647de936f,works great
93437f87b3a95725eeca840e197714c9,works great
89e0137570c991a915d89eec92dfdf66,works great
a66d52ddfef00a2037e53b37bed3dc6c,works great
b942016d1553c05245a64b92d9362f47,works great
aa719411733f91f34817d6bd84d2772c,works great
1a33a8d4b094b86aeab57ba2890aa5ff,works great
11138a3f4e2024814e4509e93844a8b1,works great
5f972f7639214897079e32f00bfea173,works great
a5ba8425a5d83a85d6d94e47df54b28d,works great
8a1392796e9efd71d60771d4352ebde7,works great
ed1380c1156f66e8f61b337a05d9b27e,works great
9e9a6fb566fc2e61cd898f0e373155e3,works great
d8cd535d599e56ffdd8e884a6c1bb88b,works great
68232239c06451d38d4de927395fc26e,works great
ce562e623bd6b6d05a8d96d4c6548a08,works great
e857bdfb2d523fd0695b77eb37f457b2,works great
8e635ba4ae1db5d3a1e66a3fae2b6eda,works great
f46d0b2632f6e56027bf50d5bdb99a3f,works great
e9f2c8745585199af7caf33e2754b145,works great
4f1e84790df7a58b9613d8133310ca74,works great
abbc2f8b053607bd65a63a5c621b2a5c,works great
724c3f391d83c11b6c750afe71275366,works great
6dfaa9df10a65becb58702446ecad3e2,works great
5fd2785b907d54535c0b0de5420797c6,works great
d9637de1e9d7cbb084dc3d499dcbab4f,works great
1dfc3777e65d48086d1eb17d3a0ddbd5,works great
d6e026730cbff2edd090085fa9b55ba7,works great
b15ead7910d300d21f062efab64d6244,works great
fdc509d779429837756498bbd856978e,works great
def7a36a8bf24b3f216d1191722606a3,works great
f2b6f366066fe55fac5f692a12762da5,works great
992ba978c98f9941cc31a786ede47b05,works great
83a5005c3b895342fee548fa4b649cde,works great
b496cd68906b32ddbef7fc22861ae02a,works great
527879509d0c3fc277c5b77b6aca3382,works great
dbb76bf9242453830552ae7253a13130,works great
e4f78a89d90171a756752e781ca8cddc,works great
827b340dd4ccceb7254c042e7be39b1a,works great
0e3d06dbe5107803fa429b3c58351ff8,works great
8b81b834b87e446ecdfdbf94ae0003c4,works great
e1891a66ba06a94309b1c6f141f6b575,works great
d4a7e215b4e7406bac594c307a862b9a,works great
f86bf6ba7be79b5770515e388f95c660,works great
97f67dd535a69ba2230a3e83cf341dbd,works great
d956f9af667079b753083572ca347169,works great
7682ccabcf8015e858a8a0866f0d99f0,works great
e4c78bc24bb5bd5b6248c496c4915b06,works great
c31687a052ddc84d60eb62738fb0e4a9,works great
8c4e6dda80571f8f5b939e2f7374747a,works great
46f5f9279c2eaf85f4b195847b6dd0eb,works great
6141f0d103c3fffc15768cd87000699f,works great
41508b8e37c324a602565751e0dec30a,works great
637d22d93fd7f6b5833243639cc541b3,works great
0d217787a8e1a689bf3cd297a22e4e76,works great
731fe17a3bcb1f7bfed8c038cacbf3bc,works great
76c6bb83c40e74eea109258cd37b5a3b,works great
ec066ee7ec1aa39d843b5d77644c3ff5,works great
2b6c7a6fc7bd6469144d22ba00ddb990,works great
9df657993cc1d8f97f66823ef7a83008,works great
6cf50fc5d37e1b5f4e1b6d6c63fbcb95,works great
de8de52da15f6308c32c6d1d879941b6,works great
5f9c35fbe982526148e1807e2d23e16d,works great
32834f40f715e1985c61382b5e394db9,works great
97c11e95dd7f255d3292ded7d7fb2195,works great
1ca0014136ca709da9407ba14a4c0a43,works great
b4d3c5fe1143184236f18a4cd14cd81e,works great
b2914da4b1224d1ee69612e10a4f0aeb,works great
6385ad7db5f8cfa05a2ee42cb8444072,works great
d96b9e08811d15749e66f89fed030329,works great
7f858bc3d60f6043d71d54f43762be28,works great
7918f81331034b1152b144ca1ee09852,works great
86f8569feac528d45e9116e2e4045b80,works great
4fdc7ef0e28a412af330ffccdfda5cce,works great
e7e1a870a82dda087cb0cbac6ee1db6d,works great
2519832e4b1e28feadaba1e954f7f109,works great
e42792fbe9683c157db9f1c073177dd1,works great
6da4acfa7ff1dc65c5ca6685ee30e528,works great
f6551070613543dabd1d4a38810f05f7,works great
cddea8534b972f1e41957471ca05eace,works great
c072923bf7568c7e20cf4769be547652,works great
d046ad97febe70013b26ec0427e9d604,works great
af48f550ed1069a36b8bb6c93be575fe,works great
33a72057fe52456ecd4de223de7e26bc,works great
b07c5138094cb73074966a3b4d667fa7,works great
e40fc0d6bf586416b5842be5bd6114fa,works great
4bba4ac569bc397b4fdcf4b46baed0f6,works great
538f72fae137e4dbbd884a3c160284ba,works great
453ce77bb9aa620ba9c04e34dceb2eb7,works great
ec3ad47e1bc25894bb1dcefa382f4867,works great
f5cfce9a4f65a4b71b152e68ffd28078,works great
a6a3d7a5aa279cd4e3aa4d10224b1bea,works great
d487d12c43c33367d7a687bc3680fee2,works great
79fd9d5c82537859f043249bbc96b035,works great
16225c3eeefba6d59dba1807a3f1bf89,works great
0ef9d0f585f0b986ec891bf13abd3a61,works great
f354caf314ea0eba9dfc06203b6ee101,works great
78e107f53fed9d43c99fe3bfc914ec6b,works great
cd6ef8f46fbe99fe377501dcd785ac86,works great
5504ce3ac4e3a6ad14129189080bc201,works great
dd619d44de5ecf6d0ac0009a42e208a1,works great
1e86d8ac40419e6297bb48268091292f,works great
bb221c029c58332f5743f86e6277a480,works great
8bf0c8cb34594569990c2ebe8433e6ce,works great
a4f406f7fef2b453bcb4bb2007eb3a3a,works great
d81bc6d0d6265447a8bafd45af14524c,works great
4d7f6bd493b3547fb2b289079bce3075,works great
b4736bf987414c2b0797f55952575734,works great
169739110ea795044d4456ffbec43c13,works great
613e7587b5096cc21f2a43a5a52cae6e,works great
b4e31b2f397744a9ad3e84d404153509,works great
5612297073c4d1fb3dd9774b556adc37,works great
127a8651f4777e1d0059d66388d742e9,works great
1842d289e854f67840d924c3be1225ac,works great
ff401e040b17b5c46268e63a421ca8aa,works great
e9970edd580e7b2e829e40f6704025b2,works great
0dadb7ce657c538326f3cd2ba0e9f3af,works great
9262d19847a6a4e229d537be401d3f15,works great
bd228d694af6703be3779513ef919343,works great
3414cf97bb55abff1c2059a17625f916,works great
a34ea2f83b58915af94be56e0c3880d8,works great
535f488954ea35bb014b6954ce5f78e5,works great
3dfa2fd23df87d68235b4125ab735a36,works great
c29e885b836e42e7d2b0f9b508ae68bc,works great
73cb37fc60a2f74b8348faae506b4031,works great
99824a1eeb84c149b88f7682e51c8a99,works great
0f665686de3343345256da9e3c244b51,works great
b73598a83adeb13487bb6d9e8b167b9c,works great
b6eb36b69e076b976ae070c755c542f2,works great
820d2b3cea631c3d6e1f8167885d92cf,works great
5f19e0bb3f477496f7ac0ed0612f9184,works great
0ce17f5cecea1782a2146c6c5417004e,works great
40dc93f552dde92bbfb2a102c48b53cd,works great
5bc36df6d86ad6fdb25709609adf6f72,works great
5fc17f1107a5ae924d5a4bc25be39941,works great
8fb5647ccd5b17b796551fba40bccd22,works great
bd0d52dc874e21e98d393ed59b6c1e00,works great
5bc7a1e3656c29d3beb7bcba2490d767,works great
58b17a019b88262ce05805f17e040408,works great
0362ccd99d0c79888cf6c7e06b72dd02,works great
07f6c76f0e795675b349652a6a0a797c,works great
41369b95035b7935e988d5eeaa8b4f0f,works great
a9ba045040641c8731f148310b9708bf,works great
5fd0d01987625dd7b961094a2b94030e,works great
40987074109e3b9b8008c68d739f5950,works great
62392d41587bc15d584f618c2f2232b6,works great
e8fb08e8cf6f15972f693a2c3cdd1f5e,works great
dd2dfe44892a5e778e221a5b3248415d,works great
6d42974d45814b89e683d64b5472ed6d,works great
503bb4fb4ccdaee5d2bcac527b3877b3,works great
52417063b9e1dc5a79dbff39d8e55e55,works great
52ab0b68979f53f82912d3e5389b47d6,works great
0cfc06d34995f8b537b68a1b15c2f316,works great
2dbfc2834d62e0d02ab1db8101103937,works great
da9ad2cc4151e7a977ede6ba0a729541,works great
45f6a63ccf7d331733e62ae04ee4e4e5,works great
f0736b6528915385ca23b27ceff0083f,works great
b7668a9cd24e87a278e30d05d8381d68,works great
1984f5860f61f22d9f3cd8aaeefec797,works great
3c061b0ecae65b4f30360dc106362df1,works great
1206bf968212dab5a9b8cec8618077f3,works great
3a9f63bb12084af6612a23cbaa21a054,works great
4c240f781175007c6c0bf8833427ea3e,works great
4c3d57c4005d68b2319e52b40d170005,works great
f5358c6f3dd07f718f530b09df7d11a3,works great
5607d8606e3ff8afcc1f65e2e0989ba4,works great
8e678c147bd6e26f9836aaa23e70059d,works great
d84716bdc24ea1806adf81bc70398ccc,works great
0820a948a2d3d01ac885cf4ca22d26da,works great
a88b20eac832aac10dcd15a5ae955c72,works great
9a8262fa05d536837ce0fd78de818099,works great
a07a92fd253566f8b56bfb133d85160d,works great
3aa2b77d11152c6e63920ea6b34f3720,works great
22b38721a857236757fc0d3fab71472a,works great
231838538dba5c24382a2940ed5f6d46,works great
d5053d850148a31df9ea8b7d3b5a55a9,works great
8ec8a8369039dbb491b91a80094edbfb,works great
97306ad7925d65119767dae2a6c9b39d,works great
59743a09958d30a2570d2673174b3b4f,works great
0205a5f7f5947f90e95112cbeea69699,works great
119e8cdfc86519fcfd43f20cb310f4b4,works great
0712aba49c01e0ec20e898c68d7affe7,works great
84cc8b5e9576274bf606b1f34fe91aee,works great
0cfce4b5c6cbd16ef485b23dd3b54c79,works great
0d8b9e46d73ff18eac8943c672df88be,works great
7ba297106637b7e84d699e24a86c97f5,works great
bf66eb07c270dc4fa2e8f6a0264eee89,works great
8d96804a1dd644376e6be72f50ee2bce,works great
2bf89503db7f49ef0b5ae7cea12a0434,works great
6eac798611fdc6d9a17b6ce5e3492d68,works great
3c4b2cdb474acd2d112e0ec1ace5d188,works great
49870f42631415ab62c159011f2b1b62,works great
a8727b58411bc9a96d89a473e03decef,works great
da2ec99d86abbf9e5a484ad948662f38,works great
693c58176f69416fbe62f1b71cd7c6d3,works great
592e2416539988be505b7142d59e52aa,taste good
3d50aa286fcb235a7b26496bdb3161e9,taste good
fd2e6a591682db0344751eb1280ed1e8,taste good
7c365cfc5a0fc3a392f2c7657b3a0258,taste good
8235a21de3ed10a4366d079977a7cee8,taste good
751c01549b891ed105a2ac90e663dd26,taste good
fc14e816b35142e33733a29f8cc92409,taste good
f3bb4c0d9e3d702a5910089d64eb807d,taste good
65b83bdfc19fe4e493b80345772eb767,taste good
9b9d303b0c73eb1cf754275f5da6f32e,taste good
4a87891a9701d364d4fb7c9647de936f,taste good
93437f87b3a95725eeca840e197714c9,taste good
a66d52ddfef00a2037e53b37bed3dc6c,taste good
aa719411733f91f34817d6bd84d2772c,taste good
1a33a8d4b094b86aeab57ba2890aa5ff,taste good
11138a3f4e2024814e4509e93844a8b1,taste good
5f972f7639214897079e32f00bfea173,taste good
a5ba8425a5d83a85d6d94e47df54b28d,taste good
8a1392796e9efd71d60771d4352ebde7,taste good
9e9a6fb566fc2e61cd898f0e373155e3,taste good
d8cd535d599e56ffdd8e884a6c1bb88b,taste good
68232239c06451d38d4de927395fc26e,taste good
ce562e623bd6b6d05a8d96d4c6548a08,taste good
e857bdfb2d523fd0695b77eb37f457b2,taste good
8e635ba4ae1db5d3a1e66a3fae2b6eda,taste good
75b9d9172fd353be33b06b8c925693b0,taste good
f46d0b2632f6e56027bf50d5bdb99a3f,taste good
87630c1e8d8c204a891322007549dbff,taste good
4f1e84790df7a58b9613d8133310ca74,taste good
abbc2f8b053607bd65a63a5c621b2a5c,taste good
724c3f391d83c11b6c750afe71275366,taste good
6dfaa9df10a65becb58702446ecad3e2,taste good
d9637de1e9d7cbb084dc3d499dcbab4f,taste good
d6e026730cbff2edd090085fa9b55ba7,taste good
b15ead7910d300d21f062efab64d6244,taste good
fdc509d779429837756498bbd856978e,taste good
def7a36a8bf24b3f216d1191722606a3,taste good
f2b6f366066fe55fac5f692a12762da5,taste good
992ba978c98f9941cc31a786ede47b05,taste good
b496cd68906b32ddbef7fc22861ae02a,taste good
527879509d0c3fc277c5b77b6aca3382,taste good
e4f78a89d90171a756752e781ca8cddc,taste good
827b340dd4ccceb7254c042e7be39b1a,taste good
0e3d06dbe5107803fa429b3c58351ff8,taste good
8b81b834b87e446ecdfdbf94ae0003c4,taste good
e1891a66ba06a94309b1c6f141f6b575,taste good
d4a7e215b4e7406bac594c307a862b9a,taste good
f86bf6ba7be79b5770515e388f95c660,taste good
d956f9af667079b753083572ca347169,taste good
7682ccabcf8015e858a8a0866f0d99f0,taste good
e4c78bc24bb5bd5b6248c496c4915b06,taste good
c31687a052ddc84d60eb62738fb0e4a9,taste good
8c4e6dda80571f8f5b939e2f7374747a,taste good
46f5f9279c2eaf85f4b195847b6dd0eb,taste good
6141f0d103c3fffc15768cd87000699f,taste good
41508b8e37c324a602565751e0dec30a,taste good
637d22d93fd7f6b5833243639cc541b3,taste good
0d217787a8e1a689bf3cd297a22e4e76,taste good
731fe17a3bcb1f7bfed8c038cacbf3bc,taste good
7b73015d049a13e167e1a53c1b13a78f,taste good
76c6bb83c40e74eea109258cd37b5a3b,taste good
ec066ee7ec1aa39d843b5d77644c3ff5,taste good
2b6c7a6fc7bd6469144d22ba00ddb990,taste good
9df657993cc1d8f97f66823ef7a83008,taste good
6cf50fc5d37e1b5f4e1b6d6c63fbcb95,taste good
49ce23f165f4cabb470294e1744cc9cd,taste good
de8de52da15f6308c32c6d1d879941b6,taste good
32834f40f715e1985c61382b5e394db9,taste good
97c11e95dd7f255d3292ded7d7fb2195,taste good
b2914da4b1224d1ee69612e10a4f0aeb,taste good
6385ad7db5f8cfa05a2ee42cb8444072,taste good
d96b9e08811d15749e66f89fed030329,taste good
7918f81331034b1152b144ca1ee09852,taste good
4fdc7ef0e28a412af330ffccdfda5cce,taste good
e7e1a870a82dda087cb0cbac6ee1db6d,taste good
2519832e4b1e28feadaba1e954f7f109,taste good
e42792fbe9683c157db9f1c073177dd1,taste good
355469e5a57962f692ab22c8158877e7,taste good
6da4acfa7ff1dc65c5ca6685ee30e528,taste good
f6551070613543dabd1d4a38810f05f7,taste good
cddea8534b972f1e41957471ca05eace,taste good
d046ad97febe70013b26ec0427e9d604,taste good
af48f550ed1069a36b8bb6c93be575fe,taste good
33a72057fe52456ecd4de223de7e26bc,taste good
b07c5138094cb73074966a3b4d667fa7,taste good
ec7bf817d74781dd8e6cefd79eab16bf,taste good
e40fc0d6bf586416b5842be5bd6114fa,taste good
5f507319da61c63bf93fa1b461a479f0,taste good
538f72fae137e4dbbd884a3c160284ba,taste good
386bb7c9aba58819fdb63e4890074987,taste good
453ce77bb9aa620ba9c04e34dceb2eb7,taste good
ec3ad47e1bc25894bb1dcefa382f4867,taste good
890a81440c9bbfe15ba8fa7c35302b72,taste good
a6a3d7a5aa279cd4e3aa4d10224b1bea,taste good
d487d12c43c33367d7a687bc3680fee2,taste good
79fd9d5c82537859f043249bbc96b035,taste good
16225c3eeefba6d59dba1807a3f1bf89,taste good
0ef9d0f585f0b986ec891bf13abd3a61,taste good
78e107f53fed9d43c99fe3bfc914ec6b,taste good
5504ce3ac4e3a6ad14129189080bc201,taste good
dd619d44de5ecf6d0ac0009a42e208a1,taste good
1e86d8ac40419e6297bb48268091292f,taste good
8bf0c8cb34594569990c2ebe8433e6ce,taste good
a4f406f7fef2b453bcb4bb2007eb3a3a,taste good
b6ad2548696f0d2c7d27bf10c6f7dd39,taste good
4d7f6bd493b3547fb2b289079bce3075,taste good
b4736bf987414c2b0797f55952575734,taste good
73a5a46a347f53686c0919c89b6b90aa,taste good
169739110ea795044d4456ffbec43c13,taste good
934a5bfdc05d211ceb20ea8fe3473226,taste good
b5f56caff0166091c9677c606adfe8a8,taste good
613e7587b5096cc21f2a43a5a52cae6e,taste good
6f665c33796b71793463b80ffb909008,taste good
433b58aed7da6e25450ded2882aa64a3,taste good
b4e31b2f397744a9ad3e84d404153509,taste good
5612297073c4d1fb3dd9774b556adc37,taste good
127a8651f4777e1d0059d66388d742e9,taste good
1842d289e854f67840d924c3be1225ac,taste good
e9970edd580e7b2e829e40f6704025b2,taste good
2310ffb25ab13b0c5477ce8a4f154cb9,taste good
0dadb7ce657c538326f3cd2ba0e9f3af,taste good
9262d19847a6a4e229d537be401d3f15,taste good
d6609f08e82401a1fee93cda747d85e5,taste good
4d9010862114e2de1698113ef4bab2a3,taste good
a34ea2f83b58915af94be56e0c3880d8,taste good
3dfa2fd23df87d68235b4125ab735a36,taste good
e02e35e9ee40c96c39c2e13c2d9c0408,taste good
cb3ab3c08aa0bb81223c2405cc900cfa,taste good
c29e885b836e42e7d2b0f9b508ae68bc,taste good
73cb37fc60a2f74b8348faae506b4031,taste good
0f665686de3343345256da9e3c244b51,taste good
b73598a83adeb13487bb6d9e8b167b9c,taste good
7ee9db4c3013208343caccc130c72602,taste good
b6eb36b69e076b976ae070c755c542f2,taste good
2e66f23cdf710d0e8527f71e18ddaa48,taste good
60713679c21b520c594d9c9e6f37f8ac,taste good
820d2b3cea631c3d6e1f8167885d92cf,taste good
5f19e0bb3f477496f7ac0ed0612f9184,taste good
40dc93f552dde92bbfb2a102c48b53cd,taste good
5bc36df6d86ad6fdb25709609adf6f72,taste good
5fc17f1107a5ae924d5a4bc25be39941,taste good
bd0d52dc874e21e98d393ed59b6c1e00,taste good
5bc7a1e3656c29d3beb7bcba2490d767,taste good
2f09af2158d7dc0ced59a38e0371f1d7,taste good
58b17a019b88262ce05805f17e040408,taste good
b5a876849983b848e2471ad03a0acb0d,taste good
0362ccd99d0c79888cf6c7e06b72dd02,taste good
07f6c76f0e795675b349652a6a0a797c,taste good
41369b95035b7935e988d5eeaa8b4f0f,taste good
a9ba045040641c8731f148310b9708bf,taste good
5fd0d01987625dd7b961094a2b94030e,taste good
f415d31f4ddd01b9fd6d9cd9f63742f3,taste good
5dfd0bf95682d5ca1d388e98f38ae615,taste good
23c6b4a27f600a97fecb796696c7fcd1,taste good
f1682599b9bad8483db9bc12fb4faafe,taste good
950646c2d0871f93f37f6e6397a68a0c,taste good
b51071495233b236c0ddf4aed0e8a039,taste good
e268395f232b7e73738baa2815aa46ce,taste good
9f0f69a7ed93b83a26e7a6617852d06d,taste good
abd9873d706bb3fe5cb4e9ef4fd881d4,taste good
ac3f2b2e7a3c722b6c296b05a7141251,taste good
ba182a118e363377c6adfc25877c39ab,taste good
81ae0aaff86a5ea0a3303eabb88c6183,taste good
153983017297bf4682977dc08ec3ec99,taste good
9531facec9be07edc1ff76b3ce88a6f6,taste good
0bc7aa8b8cb696b4ad6493aa8b16f145,taste good
cfd6ccf1ae99198fa717339451db67d9,taste good
c2d3608dbd4dcb6a43a87b1c6ec866c2,taste good
78eeed73152dcf0690c77fed853902b5,taste good
503bb4fb4ccdaee5d2bcac527b3877b3,taste good
71af309a083209d3c6304e87f5e33a5f,taste good
b83052e6dfdfb62a02304ab93194d0c3,taste good
7dc97f7f4cdd5342ed12a96695c6ddba,taste good
0cfc06d34995f8b537b68a1b15c2f316,taste good
2dbfc2834d62e0d02ab1db8101103937,taste good
da9ad2cc4151e7a977ede6ba0a729541,taste good
f0736b6528915385ca23b27ceff0083f,taste good
b7668a9cd24e87a278e30d05d8381d68,taste good
1984f5860f61f22d9f3cd8aaeefec797,taste good
3c061b0ecae65b4f30360dc106362df1,taste good
4c240f781175007c6c0bf8833427ea3e,taste good
5607d8606e3ff8afcc1f65e2e0989ba4,taste good
d84716bdc24ea1806adf81bc70398ccc,taste good
0820a948a2d3d01ac885cf4ca22d26da,taste good
a07a92fd253566f8b56bfb133d85160d,taste good
3aa2b77d11152c6e63920ea6b34f3720,taste good
22b38721a857236757fc0d3fab71472a,taste good
d5053d850148a31df9ea8b7d3b5a55a9,taste good
97306ad7925d65119767dae2a6c9b39d,taste good
59743a09958d30a2570d2673174b3b4f,taste good
0205a5f7f5947f90e95112cbeea69699,taste good
119e8cdfc86519fcfd43f20cb310f4b4,taste good
0712aba49c01e0ec20e898c68d7affe7,taste good
0d8b9e46d73ff18eac8943c672df88be,taste good
bf66eb07c270dc4fa2e8f6a0264eee89,taste good
11ccbe8633b60dff3ad2998d79e142bf,taste good
7e0dc9c6eca7267a9cfb531cee69a130,taste good
3c4b2cdb474acd2d112e0ec1ace5d188,taste good
a8727b58411bc9a96d89a473e03decef,taste good
9a2fe6eb9677407531c32336a48d04d5,taste good
592e2416539988be505b7142d59e52aa,clean ingredients
3d50aa286fcb235a7b26496bdb3161e9,clean ingredients
8235a21de3ed10a4366d079977a7cee8,clean ingredients
fc14e816b35142e33733a29f8cc92409,clean ingredients
9b9d303b0c73eb1cf754275f5da6f32e,clean ingredients
4a87891a9701d364d4fb7c9647de936f,clean ingredients
b942016d1553c05245a64b92d9362f47,clean ingredients
5f972f7639214897079e32f00bfea173,clean ingredients
a5ba8425a5d83a85d6d94e47df54b28d,clean ingredients
8a1392796e9efd71d60771d4352ebde7,clean ingredients
68232239c06451d38d4de927395fc26e,clean ingredients
724c3f391d83c11b6c750afe71275366,clean ingredients
d6e026730cbff2edd090085fa9b55ba7,clean ingredients
b15ead7910d300d21f062efab64d6244,clean ingredients
992ba978c98f9941cc31a786ede47b05,clean ingredients
b496cd68906b32ddbef7fc22861ae02a,clean ingredients
e4f78a89d90171a756752e781ca8cddc,clean ingredients
827b340dd4ccceb7254c042e7be39b1a,clean ingredients
d4a7e215b4e7406bac594c307a862b9a,clean ingredients
d956f9af667079b753083572ca347169,clean ingredients
7682ccabcf8015e858a8a0866f0d99f0,clean ingredients
e4c78bc24bb5bd5b6248c496c4915b06,clean ingredients
c31687a052ddc84d60eb62738fb0e4a9,clean ingredients
6141f0d103c3fffc15768cd87000699f,clean ingredients
7b73015d049a13e167e1a53c1b13a78f,clean ingredients
ec066ee7ec1aa39d843b5d77644c3ff5,clean ingredients
9df657993cc1d8f97f66823ef7a83008,clean ingredients
97c11e95dd7f255d3292ded7d7fb2195,clean ingredients
b4d3c5fe1143184236f18a4cd14cd81e,clean ingredients
6385ad7db5f8cfa05a2ee42cb8444072,clean ingredients
d96b9e08811d15749e66f89fed030329,clean ingredients
7f858bc3d60f6043d71d54f43762be28,clean ingredients
e7e1a870a82dda087cb0cbac6ee1db6d,clean ingredients
2519832e4b1e28feadaba1e954f7f109,clean ingredients
355469e5a57962f692ab22c8158877e7,clean ingredients
af48f550ed1069a36b8bb6c93be575fe,clean ingredients
b07c5138094cb73074966a3b4d667fa7,clean ingredients
ec7bf817d74781dd8e6cefd79eab16bf,clean ingredients
538f72fae137e4dbbd884a3c160284ba,clean ingredients
453ce77bb9aa620ba9c04e34dceb2eb7,clean ingredients
a6a3d7a5aa279cd4e3aa4d10224b1bea,clean ingredients
16225c3eeefba6d59dba1807a3f1bf89,clean ingredients
5504ce3ac4e3a6ad14129189080bc201,clean ingredients
dd619d44de5ecf6d0ac0009a42e208a1,clean ingredients
bb221c029c58332f5743f86e6277a480,clean ingredients
b4736bf987414c2b0797f55952575734,clean ingredients
169739110ea795044d4456ffbec43c13,clean ingredients
6f665c33796b71793463b80ffb909008,clean ingredients
96d779f78405399e42652a69a8b7d151,clean ingredients
433b58aed7da6e25450ded2882aa64a3,clean ingredients
127a8651f4777e1d0059d66388d742e9,clean ingredients
9262d19847a6a4e229d537be401d3f15,clean ingredients
3414cf97bb55abff1c2059a17625f916,clean ingredients
3dfa2fd23df87d68235b4125ab735a36,clean ingredients
73cb37fc60a2f74b8348faae506b4031,clean ingredients
0f665686de3343345256da9e3c244b51,clean ingredients
5bc36df6d86ad6fdb25709609adf6f72,clean ingredients
5fc17f1107a5ae924d5a4bc25be39941,clean ingredients
07f6c76f0e795675b349652a6a0a797c,clean ingredients
347271fcca3a78df1453d55cfc235a49,clean ingredients
950646c2d0871f93f37f6e6397a68a0c,clean ingredients
b51071495233b236c0ddf4aed0e8a039,clean ingredients
abd9873d706bb3fe5cb4e9ef4fd881d4,clean ingredients
053ffca5f602b978d2409768969a3d0f,clean ingredients
6ae44852ff2bc97b9d6e5dff8035212f,clean ingredients
e5c7700689493a90c2ef22eed6438f37,clean ingredients
508ca7a758cd5a1d8ad023d03d0863d7,clean ingredients
3d8e3f289a0eaf7e3f966c8a302ccab9,clean ingredients
452d9d12bbd6ceb70a88a5ce73d2a064,clean ingredients
17ffbf507772cba74671bee75c8d7780,clean ingredients
cfd6ccf1ae99198fa717339451db67d9,clean ingredients
b3d4017c413a5c43456a42073a9963af,clean ingredients
2237be17711f3712e9bb6fd27a50cf4f,clean ingredients
2a48a0f4f0ea2cc1fbe4e82e3f438d25,clean ingredients
52417063b9e1dc5a79dbff39d8e55e55,clean ingredients
0cfc06d34995f8b537b68a1b15c2f316,clean ingredients
da9ad2cc4151e7a977ede6ba0a729541,clean ingredients
3c061b0ecae65b4f30360dc106362df1,clean ingredients
1206bf968212dab5a9b8cec8618077f3,clean ingredients
4c240f781175007c6c0bf8833427ea3e,clean ingredients
d84716bdc24ea1806adf81bc70398ccc,clean ingredients
0820a948a2d3d01ac885cf4ca22d26da,clean ingredients
9a8262fa05d536837ce0fd78de818099,clean ingredients
a07a92fd253566f8b56bfb133d85160d,clean ingredients
3aa2b77d11152c6e63920ea6b34f3720,clean ingredients
22b38721a857236757fc0d3fab71472a,clean ingredients
59743a09958d30a2570d2673174b3b4f,clean ingredients
0cfce4b5c6cbd16ef485b23dd3b54c79,clean ingredients
11ccbe8633b60dff3ad2998d79e142bf,clean ingredients
8d96804a1dd644376e6be72f50ee2bce,clean ingredients
6eac798611fdc6d9a17b6ce5e3492d68,clean ingredients
7e0dc9c6eca7267a9cfb531cee69a130,clean ingredients
3c4b2cdb474acd2d112e0ec1ace5d188,clean ingredients
ed8c13427f1ad001a8d86e97ffbc7f1c,clean ingredients
ce7d9860da296c73f0f4404b3b2033a3,clean ingredients
e262f5bccaf274ad7b05fe8676724767,clean ingredients
592e2416539988be505b7142d59e52aa,acid reflux
3d50aa286fcb235a7b26496bdb3161e9,acid reflux
8235a21de3ed10a4366d079977a7cee8,acid reflux
9b9d303b0c73eb1cf754275f5da6f32e,acid reflux
4a87891a9701d364d4fb7c9647de936f,acid reflux
93437f87b3a95725eeca840e197714c9,acid reflux
a66d52ddfef00a2037e53b37bed3dc6c,acid reflux
b942016d1553c05245a64b92d9362f47,acid reflux
aa719411733f91f34817d6bd84d2772c,acid reflux
1a33a8d4b094b86aeab57ba2890aa5ff,acid reflux
11138a3f4e2024814e4509e93844a8b1,acid reflux
8a1392796e9efd71d60771d4352ebde7,acid reflux
ed1380c1156f66e8f61b337a05d9b27e,acid reflux
9e9a6fb566fc2e61cd898f0e373155e3,acid reflux
d8cd535d599e56ffdd8e884a6c1bb88b,acid reflux
68232239c06451d38d4de927395fc26e,acid reflux
e857bdfb2d523fd0695b77eb37f457b2,acid reflux
8e635ba4ae1db5d3a1e66a3fae2b6eda,acid reflux
d99d3f938906492454cca22b5f9805a9,acid reflux
abbc2f8b053607bd65a63a5c621b2a5c,acid reflux
724c3f391d83c11b6c750afe71275366,acid reflux
b15ead7910d300d21f062efab64d6244,acid reflux
fdc509d779429837756498bbd856978e,acid reflux
def7a36a8bf24b3f216d1191722606a3,acid reflux
f2b6f366066fe55fac5f692a12762da5,acid reflux
b496cd68906b32ddbef7fc22861ae02a,acid reflux
827b340dd4ccceb7254c042e7be39b1a,acid reflux
0e3d06dbe5107803fa429b3c58351ff8,acid reflux
97f67dd535a69ba2230a3e83cf341dbd,acid reflux
d956f9af667079b753083572ca347169,acid reflux
7682ccabcf8015e858a8a0866f0d99f0,acid reflux
8c4e6dda80571f8f5b939e2f7374747a,acid reflux
46f5f9279c2eaf85f4b195847b6dd0eb,acid reflux
6141f0d103c3fffc15768cd87000699f,acid reflux
41508b8e37c324a602565751e0dec30a,acid reflux
0d217787a8e1a689bf3cd297a22e4e76,acid reflux
76c6bb83c40e74eea109258cd37b5a3b,acid reflux
ec066ee7ec1aa39d843b5d77644c3ff5,acid reflux
6cf50fc5d37e1b5f4e1b6d6c63fbcb95,acid reflux
de8de52da15f6308c32c6d1d879941b6,acid reflux
97c11e95dd7f255d3292ded7d7fb2195,acid reflux
7f858bc3d60f6043d71d54f43762be28,acid reflux
7918f81331034b1152b144ca1ee09852,acid reflux
86f8569feac528d45e9116e2e4045b80,acid reflux
e7e1a870a82dda087cb0cbac6ee1db6d,acid reflux
e42792fbe9683c157db9f1c073177dd1,acid reflux
cddea8534b972f1e41957471ca05eace,acid reflux
d046ad97febe70013b26ec0427e9d604,acid reflux
33a72057fe52456ecd4de223de7e26bc,acid reflux
4bba4ac569bc397b4fdcf4b46baed0f6,acid reflux
386bb7c9aba58819fdb63e4890074987,acid reflux
ec3ad47e1bc25894bb1dcefa382f4867,acid reflux
f5cfce9a4f65a4b71b152e68ffd28078,acid reflux
d487d12c43c33367d7a687bc3680fee2,acid reflux
79fd9d5c82537859f043249bbc96b035,acid reflux
90b1cc659e70d5bc604910e05208ec73,acid reflux
78e107f53fed9d43c99fe3bfc914ec6b,acid reflux
cd6ef8f46fbe99fe377501dcd785ac86,acid reflux
5504ce3ac4e3a6ad14129189080bc201,acid reflux
bb221c029c58332f5743f86e6277a480,acid reflux
d81bc6d0d6265447a8bafd45af14524c,acid reflux
934a5bfdc05d211ceb20ea8fe3473226,acid reflux
17ca0795b02628235941e31cbc8b931e,acid reflux
6f665c33796b71793463b80ffb909008,acid reflux
3ee488c5547893b7c6644ee93db49ef6,acid reflux
433b58aed7da6e25450ded2882aa64a3,acid reflux
b4e31b2f397744a9ad3e84d404153509,acid reflux
5612297073c4d1fb3dd9774b556adc37,acid reflux
1842d289e854f67840d924c3be1225ac,acid reflux
0dadb7ce657c538326f3cd2ba0e9f3af,acid reflux
9262d19847a6a4e229d537be401d3f15,acid reflux
2e32e0f6dd265d30e017cc3959cb7310,acid reflux
4d9010862114e2de1698113ef4bab2a3,acid reflux
535f488954ea35bb014b6954ce5f78e5,acid reflux
3dfa2fd23df87d68235b4125ab735a36,acid reflux
c29e885b836e42e7d2b0f9b508ae68bc,acid reflux
73cb37fc60a2f74b8348faae506b4031,acid reflux
0f665686de3343345256da9e3c244b51,acid reflux
b73598a83adeb13487bb6d9e8b167b9c,acid reflux
2e66f23cdf710d0e8527f71e18ddaa48,acid reflux
60713679c21b520c594d9c9e6f37f8ac,acid reflux
5f19e0bb3f477496f7ac0ed0612f9184,acid reflux
40dc93f552dde92bbfb2a102c48b53cd,acid reflux
5bc36df6d86ad6fdb25709609adf6f72,acid reflux
5fc17f1107a5ae924d5a4bc25be39941,acid reflux
bd0d52dc874e21e98d393ed59b6c1e00,acid reflux
5bc7a1e3656c29d3beb7bcba2490d767,acid reflux
2f09af2158d7dc0ced59a38e0371f1d7,acid reflux
58b17a019b88262ce05805f17e040408,acid reflux
b5a876849983b848e2471ad03a0acb0d,acid reflux
07f6c76f0e795675b349652a6a0a797c,acid reflux
41369b95035b7935e988d5eeaa8b4f0f,acid reflux
e97fc96b6a9bb1e906eeb84d967d5bc7,acid reflux
8dc40627a01d49a93b0f788fb698247d,acid reflux
5dfd0bf95682d5ca1d388e98f38ae615,acid reflux
c2aeaee39c234c39d17f32df1ae755f3,acid reflux
347271fcca3a78df1453d55cfc235a49,acid reflux
5844267ace1d6f7cada9b808406e21a5,acid reflux
950646c2d0871f93f37f6e6397a68a0c,acid reflux
ad6354957cce15f1c7806365199c2938,acid reflux
11fb55873143f5833beb8f1535421701,acid reflux
9f0f69a7ed93b83a26e7a6617852d06d,acid reflux
abd9873d706bb3fe5cb4e9ef4fd881d4,acid reflux
62392d41587bc15d584f618c2f2232b6,acid reflux
724031736b573de6596f22ac39853d13,acid reflux
d970c50854fbad005d9704ada706304d,acid reflux
6ae44852ff2bc97b9d6e5dff8035212f,acid reflux
ba182a118e363377c6adfc25877c39ab,acid reflux
176e2317655ab571282415ca85f5c06f,acid reflux
1e1b60ca741b1383c4419783419f33f8,acid reflux
81ae0aaff86a5ea0a3303eabb88c6183,acid reflux
9531facec9be07edc1ff76b3ce88a6f6,acid reflux
3f5e9ca3c53b70820bf45d8a46a1dd82,acid reflux
cc44e19688a5916750cda33415d026ef,acid reflux
14dc5922dda4ed5dd2a72fea0d183275,acid reflux
6f490ebd22a0d39e4ef22095967ac982,acid reflux
ff9da376529045bbdb0aa198b41607f3,acid reflux
8a7084399813977cdf5a2cba54e165e5,acid reflux
17d990e1ebf5da7fb5ac7046f2e2092f,acid reflux
17ffbf507772cba74671bee75c8d7780,acid reflux
cfd6ccf1ae99198fa717339451db67d9,acid reflux
70495a6b476b1bd860342b3dc14ea27c,acid reflux
c2d3608dbd4dcb6a43a87b1c6ec866c2,acid reflux
90bdfd6d383b619980b63eb631773deb,acid reflux
1124f461946d6bf02697127badc530bb,acid reflux
34d665f368510316414a89faf1fb03e8,acid reflux
941df8f234334c59cef724e4c39a915d,acid reflux
73df468a2d91071fc574ad374ca22e31,acid reflux
195be08a642ab5133c69d85870978f2b,acid reflux
503bb4fb4ccdaee5d2bcac527b3877b3,acid reflux
1d256d6c9b87fc3fe817c7f9ed583e4f,acid reflux
9f908d5d2fb727b53994c38399b7aee0,acid reflux
d593c160d43d7f15fa23c03de2342d93,acid reflux
dff95e74a52a3261efe715bb465b5fd6,acid reflux
2416727d519c2ae2a45ff34d5bc28978,acid reflux
66c1bb51ae5121456e251a69dca810d5,acid reflux
60e069a49f5383fe0c6053f1eca1cbae,acid reflux
de5910ad7339e5a3ae3e9b842dfba3b0,acid reflux
228dc0e6effecf0a0422fa89e0f1d0a0,acid reflux
b83052e6dfdfb62a02304ab93194d0c3,acid reflux
205c934cadd60bfc63cff79a13490379,acid reflux
e218c79828c7a98b93623dc1c749385d,acid reflux
e81441ac8b50f9d09525612c47384f6b,acid reflux
7dc97f7f4cdd5342ed12a96695c6ddba,acid reflux
fa6a4aff5c2677adadb374c5ed2b14ee,acid reflux
491c4e17989bbf4509919d44427cc901,acid reflux
52417063b9e1dc5a79dbff39d8e55e55,acid reflux
52ab0b68979f53f82912d3e5389b47d6,acid reflux
da9ad2cc4151e7a977ede6ba0a729541,acid reflux
45f6a63ccf7d331733e62ae04ee4e4e5,acid reflux
3c4b2cdb474acd2d112e0ec1ace5d188,acid reflux
592e2416539988be505b7142d59e52aa,heartburn relief
3d50aa286fcb235a7b26496bdb3161e9,heartburn relief
8235a21de3ed10a4366d079977a7cee8,heartburn relief
751c01549b891ed105a2ac90e663dd26,heartburn relief
65b83bdfc19fe4e493b80345772eb767,heartburn relief
9b9d303b0c73eb1cf754275f5da6f32e,heartburn relief
4a87891a9701d364d4fb7c9647de936f,heartburn relief
93437f87b3a95725eeca840e197714c9,heartburn relief
a66d52ddfef00a2037e53b37bed3dc6c,heartburn relief
b942016d1553c05245a64b92d9362f47,heartburn relief
aa719411733f91f34817d6bd84d2772c,heartburn relief
1a33a8d4b094b86aeab57ba2890aa5ff,heartburn relief
11138a3f4e2024814e4509e93844a8b1,heartburn relief
5f972f7639214897079e32f00bfea173,heartburn relief
8a1392796e9efd71d60771d4352ebde7,heartburn relief
ed1380c1156f66e8f61b337a05d9b27e,heartburn relief
9e9a6fb566fc2e61cd898f0e373155e3,heartburn relief
d8cd535d599e56ffdd8e884a6c1bb88b,heartburn relief
68232239c06451d38d4de927395fc26e,heartburn relief
8e635ba4ae1db5d3a1e66a3fae2b6eda,heartburn relief
abbc2f8b053607bd65a63a5c621b2a5c,heartburn relief
724c3f391d83c11b6c750afe71275366,heartburn relief
b15ead7910d300d21f062efab64d6244,heartburn relief
fdc509d779429837756498bbd856978e,heartburn relief
def7a36a8bf24b3f216d1191722606a3,heartburn relief
f2b6f366066fe55fac5f692a12762da5,heartburn relief
b496cd68906b32ddbef7fc22861ae02a,heartburn relief
527879509d0c3fc277c5b77b6aca3382,heartburn relief
e4f78a89d90171a756752e781ca8cddc,heartburn relief
827b340dd4ccceb7254c042e7be39b1a,heartburn relief
0e3d06dbe5107803fa429b3c58351ff8,heartburn relief
e1891a66ba06a94309b1c6f141f6b575,heartburn relief
d4a7e215b4e7406bac594c307a862b9a,heartburn relief
97f67dd535a69ba2230a3e83cf341dbd,heartburn relief
d956f9af667079b753083572ca347169,heartburn relief
7682ccabcf8015e858a8a0866f0d99f0,heartburn relief
e4c78bc24bb5bd5b6248c496c4915b06,heartburn relief
c31687a052ddc84d60eb62738fb0e4a9,heartburn relief
8c4e6dda80571f8f5b939e2f7374747a,heartburn relief
46f5f9279c2eaf85f4b195847b6dd0eb,heartburn relief
6141f0d103c3fffc15768cd87000699f,heartburn relief
41508b8e37c324a602565751e0dec30a,heartburn relief
637d22d93fd7f6b5833243639cc541b3,heartburn relief
0d217787a8e1a689bf3cd297a22e4e76,heartburn relief
731fe17a3bcb1f7bfed8c038cacbf3bc,heartburn relief
7b73015d049a13e167e1a53c1b13a78f,heartburn relief
76c6bb83c40e74eea109258cd37b5a3b,heartburn relief
ec066ee7ec1aa39d843b5d77644c3ff5,heartburn relief
9df657993cc1d8f97f66823ef7a83008,heartburn relief
de8de52da15f6308c32c6d1d879941b6,heartburn relief
97c11e95dd7f255d3292ded7d7fb2195,heartburn relief
b4d3c5fe1143184236f18a4cd14cd81e,heartburn relief
d96b9e08811d15749e66f89fed030329,heartburn relief
7f858bc3d60f6043d71d54f43762be28,heartburn relief
7918f81331034b1152b144ca1ee09852,heartburn relief
86f8569feac528d45e9116e2e4045b80,heartburn relief
e7e1a870a82dda087cb0cbac6ee1db6d,heartburn relief
2519832e4b1e28feadaba1e954f7f109,heartburn relief
e42792fbe9683c157db9f1c073177dd1,heartburn relief
6da4acfa7ff1dc65c5ca6685ee30e528,heartburn relief
cddea8534b972f1e41957471ca05eace,heartburn relief
d046ad97febe70013b26ec0427e9d604,heartburn relief
33a72057fe52456ecd4de223de7e26bc,heartburn relief
bb84d14ee14b6e32e67cd49ba96e4060,heartburn relief
4bba4ac569bc397b4fdcf4b46baed0f6,heartburn relief
386bb7c9aba58819fdb63e4890074987,heartburn relief
ec3ad47e1bc25894bb1dcefa382f4867,heartburn relief
f5cfce9a4f65a4b71b152e68ffd28078,heartburn relief
a6a3d7a5aa279cd4e3aa4d10224b1bea,heartburn relief
d487d12c43c33367d7a687bc3680fee2,heartburn relief
79fd9d5c82537859f043249bbc96b035,heartburn relief
16225c3eeefba6d59dba1807a3f1bf89,heartburn relief
0ef9d0f585f0b986ec891bf13abd3a61,heartburn relief
90b1cc659e70d5bc604910e05208ec73,heartburn relief
f354caf314ea0eba9dfc06203b6ee101,heartburn relief
78e107f53fed9d43c99fe3bfc914ec6b,heartburn relief
cd6ef8f46fbe99fe377501dcd785ac86,heartburn relief
5504ce3ac4e3a6ad14129189080bc201,heartburn relief
bb221c029c58332f5743f86e6277a480,heartburn relief
d81bc6d0d6265447a8bafd45af14524c,heartburn relief
4d7f6bd493b3547fb2b289079bce3075,heartburn relief
934a5bfdc05d211ceb20ea8fe3473226,heartburn relief
17ca0795b02628235941e31cbc8b931e,heartburn relief
6f665c33796b71793463b80ffb909008,heartburn relief
3ee488c5547893b7c6644ee93db49ef6,heartburn relief
96d779f78405399e42652a69a8b7d151,heartburn relief
433b58aed7da6e25450ded2882aa64a3,heartburn relief
b4e31b2f397744a9ad3e84d404153509,heartburn relief
5612297073c4d1fb3dd9774b556adc37,heartburn relief
127a8651f4777e1d0059d66388d742e9,heartburn relief
ff401e040b17b5c46268e63a421ca8aa,heartburn relief
0dadb7ce657c538326f3cd2ba0e9f3af,heartburn relief
9262d19847a6a4e229d537be401d3f15,heartburn relief
2e32e0f6dd265d30e017cc3959cb7310,heartburn relief
4d9010862114e2de1698113ef4bab2a3,heartburn relief
3414cf97bb55abff1c2059a17625f916,heartburn relief
a34ea2f83b58915af94be56e0c3880d8,heartburn relief
535f488954ea35bb014b6954ce5f78e5,heartburn relief
3dfa2fd23df87d68235b4125ab735a36,heartburn relief
c29e885b836e42e7d2b0f9b508ae68bc,heartburn relief
73cb37fc60a2f74b8348faae506b4031,heartburn relief
0f665686de3343345256da9e3c244b51,heartburn relief
b73598a83adeb13487bb6d9e8b167b9c,heartburn relief
7ee9db4c3013208343caccc130c72602,heartburn relief
b6eb36b69e076b976ae070c755c542f2,heartburn relief
2e66f23cdf710d0e8527f71e18ddaa48,heartburn relief
60713679c21b520c594d9c9e6f37f8ac,heartburn relief
820d2b3cea631c3d6e1f8167885d92cf,heartburn relief
5f19e0bb3f477496f7ac0ed0612f9184,heartburn relief
40dc93f552dde92bbfb2a102c48b53cd,heartburn relief
5bc36df6d86ad6fdb25709609adf6f72,heartburn relief
5fc17f1107a5ae924d5a4bc25be39941,heartburn relief
8fb5647ccd5b17b796551fba40bccd22,heartburn relief
bd0d52dc874e21e98d393ed59b6c1e00,heartburn relief
5bc7a1e3656c29d3beb7bcba2490d767,heartburn relief
2f09af2158d7dc0ced59a38e0371f1d7,heartburn relief
58b17a019b88262ce05805f17e040408,heartburn relief
b5a876849983b848e2471ad03a0acb0d,heartburn relief
0362ccd99d0c79888cf6c7e06b72dd02,heartburn relief
07f6c76f0e795675b349652a6a0a797c,heartburn relief
41369b95035b7935e988d5eeaa8b4f0f,heartburn relief
a9ba045040641c8731f148310b9708bf,heartburn relief
8dc40627a01d49a93b0f788fb698247d,heartburn relief
5dfd0bf95682d5ca1d388e98f38ae615,heartburn relief
347271fcca3a78df1453d55cfc235a49,heartburn relief
5844267ace1d6f7cada9b808406e21a5,heartburn relief
23c6b4a27f600a97fecb796696c7fcd1,heartburn relief
950646c2d0871f93f37f6e6397a68a0c,heartburn relief
b51071495233b236c0ddf4aed0e8a039,heartburn relief
ad6354957cce15f1c7806365199c2938,heartburn relief
11fb55873143f5833beb8f1535421701,heartburn relief
9f0f69a7ed93b83a26e7a6617852d06d,heartburn relief
abd9873d706bb3fe5cb4e9ef4fd881d4,heartburn relief
62392d41587bc15d584f618c2f2232b6,heartburn relief
e7190582b90ad12927ddd083d06c4db9,heartburn relief
724031736b573de6596f22ac39853d13,heartburn relief
613b25c03c355292c07c1c5ed594d44d,heartburn relief
743811cdd21df5890d4fc59aac44dfea,heartburn relief
6ae44852ff2bc97b9d6e5dff8035212f,heartburn relief
1e1b60ca741b1383c4419783419f33f8,heartburn relief
5e016821289954a820a66b4fe66c748e,heartburn relief
3f5e9ca3c53b70820bf45d8a46a1dd82,heartburn relief
6f490ebd22a0d39e4ef22095967ac982,heartburn relief
8a7084399813977cdf5a2cba54e165e5,heartburn relief
17d990e1ebf5da7fb5ac7046f2e2092f,heartburn relief
cfd6ccf1ae99198fa717339451db67d9,heartburn relief
b3d4017c413a5c43456a42073a9963af,heartburn relief
70495a6b476b1bd860342b3dc14ea27c,heartburn relief
96518efa344d70faa59c3428abaee97c,heartburn relief
90bdfd6d383b619980b63eb631773deb,heartburn relief
1124f461946d6bf02697127badc530bb,heartburn relief
503bb4fb4ccdaee5d2bcac527b3877b3,heartburn relief
1d256d6c9b87fc3fe817c7f9ed583e4f,heartburn relief
9f908d5d2fb727b53994c38399b7aee0,heartburn relief
60e069a49f5383fe0c6053f1eca1cbae,heartburn relief
de5910ad7339e5a3ae3e9b842dfba3b0,heartburn relief
7dc97f7f4cdd5342ed12a96695c6ddba,heartburn relief
52417063b9e1dc5a79dbff39d8e55e55,heartburn relief
52ab0b68979f53f82912d3e5389b47d6,heartburn relief
0cfc06d34995f8b537b68a1b15c2f316,heartburn relief
da9ad2cc4151e7a977ede6ba0a729541,heartburn relief
45f6a63ccf7d331733e62ae04ee4e4e5,heartburn relief
231838538dba5c24382a2940ed5f6d46,heartburn relief
84cc8b5e9576274bf606b1f34fe91aee,heartburn relief
2bf89503db7f49ef0b5ae7cea12a0434,heartburn relief
ce7d9860da296c73f0f4404b3b2033a3,heartburn relief
8235a21de3ed10a4366d079977a7cee8,upset stomach
89e0137570c991a915d89eec92dfdf66,upset stomach
a66d52ddfef00a2037e53b37bed3dc6c,upset stomach
b942016d1553c05245a64b92d9362f47,upset stomach
8a1392796e9efd71d60771d4352ebde7,upset stomach
ed1380c1156f66e8f61b337a05d9b27e,upset stomach
9e9a6fb566fc2e61cd898f0e373155e3,upset stomach
68232239c06451d38d4de927395fc26e,upset stomach
8e635ba4ae1db5d3a1e66a3fae2b6eda,upset stomach
d99d3f938906492454cca22b5f9805a9,upset stomach
abbc2f8b053607bd65a63a5c621b2a5c,upset stomach
724c3f391d83c11b6c750afe71275366,upset stomach
d9637de1e9d7cbb084dc3d499dcbab4f,upset stomach
b15ead7910d300d21f062efab64d6244,upset stomach
fdc509d779429837756498bbd856978e,upset stomach
def7a36a8bf24b3f216d1191722606a3,upset stomach
f2b6f366066fe55fac5f692a12762da5,upset stomach
e4f78a89d90171a756752e781ca8cddc,upset stomach
827b340dd4ccceb7254c042e7be39b1a,upset stomach
e1891a66ba06a94309b1c6f141f6b575,upset stomach
97f67dd535a69ba2230a3e83cf341dbd,upset stomach
d956f9af667079b753083572ca347169,upset stomach
7682ccabcf8015e858a8a0866f0d99f0,upset stomach
c31687a052ddc84d60eb62738fb0e4a9,upset stomach
8c4e6dda80571f8f5b939e2f7374747a,upset stomach
41508b8e37c324a602565751e0dec30a,upset stomach
731fe17a3bcb1f7bfed8c038cacbf3bc,upset stomach
ec066ee7ec1aa39d843b5d77644c3ff5,upset stomach
97c11e95dd7f255d3292ded7d7fb2195,upset stomach
b4d3c5fe1143184236f18a4cd14cd81e,upset stomach
6385ad7db5f8cfa05a2ee42cb8444072,upset stomach
d96b9e08811d15749e66f89fed030329,upset stomach
86f8569feac528d45e9116e2e4045b80,upset stomach
4fdc7ef0e28a412af330ffccdfda5cce,upset stomach
2519832e4b1e28feadaba1e954f7f109,upset stomach
e42792fbe9683c157db9f1c073177dd1,upset stomach
6da4acfa7ff1dc65c5ca6685ee30e528,upset stomach
cddea8534b972f1e41957471ca05eace,upset stomach
d046ad97febe70013b26ec0427e9d604,upset stomach
ec7bf817d74781dd8e6cefd79eab16bf,upset stomach
bb84d14ee14b6e32e67cd49ba96e4060,upset stomach
ec3ad47e1bc25894bb1dcefa382f4867,upset stomach
f5cfce9a4f65a4b71b152e68ffd28078,upset stomach
a6a3d7a5aa279cd4e3aa4d10224b1bea,upset stomach
d487d12c43c33367d7a687bc3680fee2,upset stomach
79fd9d5c82537859f043249bbc96b035,upset stomach
16225c3eeefba6d59dba1807a3f1bf89,upset stomach
0ef9d0f585f0b986ec891bf13abd3a61,upset stomach
90b1cc659e70d5bc604910e05208ec73,upset stomach
f354caf314ea0eba9dfc06203b6ee101,upset stomach
78e107f53fed9d43c99fe3bfc914ec6b,upset stomach
bb221c029c58332f5743f86e6277a480,upset stomach
d81bc6d0d6265447a8bafd45af14524c,upset stomach
4d7f6bd493b3547fb2b289079bce3075,upset stomach
73a5a46a347f53686c0919c89b6b90aa,upset stomach
934a5bfdc05d211ceb20ea8fe3473226,upset stomach
17ca0795b02628235941e31cbc8b931e,upset stomach
b4e31b2f397744a9ad3e84d404153509,upset stomach
5612297073c4d1fb3dd9774b556adc37,upset stomach
127a8651f4777e1d0059d66388d742e9,upset stomach
0dadb7ce657c538326f3cd2ba0e9f3af,upset stomach
9262d19847a6a4e229d537be401d3f15,upset stomach
bd228d694af6703be3779513ef919343,upset stomach
4d9010862114e2de1698113ef4bab2a3,upset stomach
535f488954ea35bb014b6954ce5f78e5,upset stomach
3dfa2fd23df87d68235b4125ab735a36,upset stomach
73cb37fc60a2f74b8348faae506b4031,upset stomach
b73598a83adeb13487bb6d9e8b167b9c,upset stomach
2e66f23cdf710d0e8527f71e18ddaa48,upset stomach
820d2b3cea631c3d6e1f8167885d92cf,upset stomach
5f19e0bb3f477496f7ac0ed0612f9184,upset stomach
40dc93f552dde92bbfb2a102c48b53cd,upset stomach
5fc17f1107a5ae924d5a4bc25be39941,upset stomach
8fb5647ccd5b17b796551fba40bccd22,upset stomach
5bc7a1e3656c29d3beb7bcba2490d767,upset stomach
2f09af2158d7dc0ced59a38e0371f1d7,upset stomach
58b17a019b88262ce05805f17e040408,upset stomach
b5a876849983b848e2471ad03a0acb0d,upset stomach
0362ccd99d0c79888cf6c7e06b72dd02,upset stomach
07f6c76f0e795675b349652a6a0a797c,upset stomach
41369b95035b7935e988d5eeaa8b4f0f,upset stomach
a9ba045040641c8731f148310b9708bf,upset stomach
347271fcca3a78df1453d55cfc235a49,upset stomach
23c6b4a27f600a97fecb796696c7fcd1,upset stomach
c66989cdea86ecea718a388a46465f8a,upset stomach
62392d41587bc15d584f618c2f2232b6,upset stomach
ac3f2b2e7a3c722b6c296b05a7141251,upset stomach
613b25c03c355292c07c1c5ed594d44d,upset stomach
d970c50854fbad005d9704ada706304d,upset stomach
176e2317655ab571282415ca85f5c06f,upset stomach
1e1b60ca741b1383c4419783419f33f8,upset stomach
81ae0aaff86a5ea0a3303eabb88c6183,upset stomach
153983017297bf4682977dc08ec3ec99,upset stomach
3f5e9ca3c53b70820bf45d8a46a1dd82,upset stomach
515884a4d34f0de982c4e5eac20e3c5a,upset stomach
cc44e19688a5916750cda33415d026ef,upset stomach
14dc5922dda4ed5dd2a72fea0d183275,upset stomach
ff9da376529045bbdb0aa198b41607f3,upset stomach
452d9d12bbd6ceb70a88a5ce73d2a064,upset stomach
b3d4017c413a5c43456a42073a9963af,upset stomach
90bdfd6d383b619980b63eb631773deb,upset stomach
1124f461946d6bf02697127badc530bb,upset stomach
eb58a6991c951a64a3808962a07a18a0,upset stomach
34d665f368510316414a89faf1fb03e8,upset stomach
941df8f234334c59cef724e4c39a915d,upset stomach
2237be17711f3712e9bb6fd27a50cf4f,upset stomach
5874e99a623540ae7e43b895ca0b8613,upset stomach
5e19d074a62fdb871f43b7e308a8df34,upset stomach
73df468a2d91071fc574ad374ca22e31,upset stomach
195be08a642ab5133c69d85870978f2b,upset stomach
78e68325632560831d1ecb1ce1c3541f,upset stomach
a95f2491f037623e8f4b8ee783b00b93,upset stomach
1d256d6c9b87fc3fe817c7f9ed583e4f,upset stomach
e620ca0b575adb551c163794ebf96215,upset stomach
dff95e74a52a3261efe715bb465b5fd6,upset stomach
9a08799f595f25c083f5427cec79abb6,upset stomach
2a48a0f4f0ea2cc1fbe4e82e3f438d25,upset stomach
2416727d519c2ae2a45ff34d5bc28978,upset stomach
66c1bb51ae5121456e251a69dca810d5,upset stomach
60e069a49f5383fe0c6053f1eca1cbae,upset stomach
68e2b38d76156d5c5ccccba6e6b4ebad,upset stomach
8befb6e5e76c94929f316af02c9cc447,upset stomach
de5910ad7339e5a3ae3e9b842dfba3b0,upset stomach
a38a8810ce424b2cf70bd6302e8cfc84,upset stomach
b77f828c42105b0961a128af16b6c59c,upset stomach
205c934cadd60bfc63cff79a13490379,upset stomach
0d1d082bd9b6e2353c35ab787a532678,upset stomach
e81441ac8b50f9d09525612c47384f6b,upset stomach
491c4e17989bbf4509919d44427cc901,upset stomach
8d46c97efe27654ff0ec9266f35c5535,upset stomach
c4eccc924fddd90584731cfef66e64d6,upset stomach
52417063b9e1dc5a79dbff39d8e55e55,upset stomach
0cfc06d34995f8b537b68a1b15c2f316,upset stomach
da9ad2cc4151e7a977ede6ba0a729541,upset stomach
45f6a63ccf7d331733e62ae04ee4e4e5,upset stomach
3c061b0ecae65b4f30360dc106362df1,upset stomach
4c240f781175007c6c0bf8833427ea3e,upset stomach
f5358c6f3dd07f718f530b09df7d11a3,upset stomach
5607d8606e3ff8afcc1f65e2e0989ba4,upset stomach
d84716bdc24ea1806adf81bc70398ccc,upset stomach
9a8262fa05d536837ce0fd78de818099,upset stomach
231838538dba5c24382a2940ed5f6d46,upset stomach
d5053d850148a31df9ea8b7d3b5a55a9,upset stomach
97306ad7925d65119767dae2a6c9b39d,upset stomach
59743a09958d30a2570d2673174b3b4f,upset stomach
0205a5f7f5947f90e95112cbeea69699,upset stomach
119e8cdfc86519fcfd43f20cb310f4b4,upset stomach
84cc8b5e9576274bf606b1f34fe91aee,upset stomach
0cfce4b5c6cbd16ef485b23dd3b54c79,upset stomach
7ba297106637b7e84d699e24a86c97f5,upset stomach
2bf89503db7f49ef0b5ae7cea12a0434,upset stomach
6eac798611fdc6d9a17b6ce5e3492d68,upset stomach
3c4b2cdb474acd2d112e0ec1ace5d188,upset stomach
ed8c13427f1ad001a8d86e97ffbc7f1c,upset stomach
ce7d9860da296c73f0f4404b3b2033a3,upset stomach
2079f2047c7c225bd041ca32ab9b2b28,upset stomach
e9d5d8bf7dc9d5e385c96fe21873e9c6,tastes awful
347271fcca3a78df1453d55cfc235a49,tastes awful
ad6354957cce15f1c7806365199c2938,tastes awful
c66989cdea86ecea718a388a46465f8a,tastes awful
4491a69c2f2f65e855c7fc5805334a47,tastes awful
e7190582b90ad12927ddd083d06c4db9,tastes awful
904cec86f54ad0f988e05d1648ac22e7,tastes awful
724031736b573de6596f22ac39853d13,tastes awful
613b25c03c355292c07c1c5ed594d44d,tastes awful
e5c7700689493a90c2ef22eed6438f37,tastes awful
6443fd4bc21d8f78c78b901c872c2a1e,tastes awful
e4ff1c958cc41ead6d6217029c1ae45f,tastes awful
ad241699f133e67f2d7d714045c0f731,tastes awful
96518efa344d70faa59c3428abaee97c,tastes awful
90bdfd6d383b619980b63eb631773deb,tastes awful
1124f461946d6bf02697127badc530bb,tastes awful
941df8f234334c59cef724e4c39a915d,tastes awful
738f5426dd3554b1fe183e7d1f5f491c,tastes awful
1d256d6c9b87fc3fe817c7f9ed583e4f,tastes awful
9f908d5d2fb727b53994c38399b7aee0,tastes awful
d593c160d43d7f15fa23c03de2342d93,tastes awful
184c5436f18e19fb539acf881aff65a4,tastes awful
6665bc63b60dad7176dab328c6646fb1,tastes awful
dff95e74a52a3261efe715bb465b5fd6,tastes awful
3d63cf4fa143f28cca9e9cef3fa76294,tastes awful
b8ceef08d476bfc02cae0814c99b5196,tastes awful
2416727d519c2ae2a45ff34d5bc28978,tastes awful
fb37f79e0bafca15bc6f87c162cd7adb,tastes awful
66c1bb51ae5121456e251a69dca810d5,tastes awful
ac38f1e16e3fe6de09771e8add7021e4,tastes awful
9ab99752ec44168ae9b4b6e787b1d696,tastes awful
5bbcb8e42dbe7ada15969d683389916c,tastes awful
4d8bbc58ec211cdbb4b1e58d261f6e0b,tastes awful
a38a8810ce424b2cf70bd6302e8cfc84,tastes awful
7c4468fbc3305dae7e377b74dd8dec7d,tastes awful
b77f828c42105b0961a128af16b6c59c,tastes awful
205c934cadd60bfc63cff79a13490379,tastes awful
0e5b40594128126765642ac3242cd343,tastes awful
c68e1e5cd2b135006b6feeb7f9b2b55a,tastes awful
e80a93e4423b47bac80994b350d59b92,tastes awful
cc678870962d1eb5f46dca8dee623d41,tastes awful
a5d38509baefdf8c58a2fd82c109b60d,tastes awful
da2ec99d86abbf9e5a484ad948662f38,tastes awful
9290715ed5a3f18eae4061cc89ea9931,tastes awful
e262f5bccaf274ad7b05fe8676724767,tastes awful
5fd2785b907d54535c0b0de5420797c6,chalky taste
8c4e6dda80571f8f5b939e2f7374747a,chalky taste
0d217787a8e1a689bf3cd297a22e4e76,chalky taste
731fe17a3bcb1f7bfed8c038cacbf3bc,chalky taste
97c11e95dd7f255d3292ded7d7fb2195,chalky taste
1ca0014136ca709da9407ba14a4c0a43,chalky taste
b07c5138094cb73074966a3b4d667fa7,chalky taste
ec7bf817d74781dd8e6cefd79eab16bf,chalky taste
386bb7c9aba58819fdb63e4890074987,chalky taste
ed46d5857aa7f654f1ed7f31e0d1e7c0,chalky taste
73a5a46a347f53686c0919c89b6b90aa,chalky taste
1842d289e854f67840d924c3be1225ac,chalky taste
5bc36df6d86ad6fdb25709609adf6f72,chalky taste
0362ccd99d0c79888cf6c7e06b72dd02,chalky taste
f415d31f4ddd01b9fd6d9cd9f63742f3,chalky taste
347271fcca3a78df1453d55cfc235a49,chalky taste
f1682599b9bad8483db9bc12fb4faafe,chalky taste
40987074109e3b9b8008c68d739f5950,chalky taste
b51071495233b236c0ddf4aed0e8a039,chalky taste
ad6354957cce15f1c7806365199c2938,chalky taste
724031736b573de6596f22ac39853d13,chalky taste
613b25c03c355292c07c1c5ed594d44d,chalky taste
176e2317655ab571282415ca85f5c06f,chalky taste
691da861f4f3806b96b5f4180dae91cf,chalky taste
e5c7700689493a90c2ef22eed6438f37,chalky taste
6770fff13604b158cc28a9d0022ac70c,chalky taste
6f490ebd22a0d39e4ef22095967ac982,chalky taste
cfd6ccf1ae99198fa717339451db67d9,chalky taste
e4ff1c958cc41ead6d6217029c1ae45f,chalky taste
96518efa344d70faa59c3428abaee97c,chalky taste
1124f461946d6bf02697127badc530bb,chalky taste
738f5426dd3554b1fe183e7d1f5f491c,chalky taste
503bb4fb4ccdaee5d2bcac527b3877b3,chalky taste
1d256d6c9b87fc3fe817c7f9ed583e4f,chalky taste
9f908d5d2fb727b53994c38399b7aee0,chalky taste
d593c160d43d7f15fa23c03de2342d93,chalky taste
184c5436f18e19fb539acf881aff65a4,chalky taste
b8ceef08d476bfc02cae0814c99b5196,chalky taste
2416727d519c2ae2a45ff34d5bc28978,chalky taste
fb37f79e0bafca15bc6f87c162cd7adb,chalky taste
9ab99752ec44168ae9b4b6e787b1d696,chalky taste
205c934cadd60bfc63cff79a13490379,chalky taste
e80a93e4423b47bac80994b350d59b92,chalky taste
cc678870962d1eb5f46dca8dee623d41,chalky taste
8d46c97efe27654ff0ec9266f35c5535,chalky taste
1984f5860f61f22d9f3cd8aaeefec797,chalky taste
f5358c6f3dd07f718f530b09df7d11a3,chalky taste
5607d8606e3ff8afcc1f65e2e0989ba4,chalky taste
9a8262fa05d536837ce0fd78de818099,chalky taste
3aa2b77d11152c6e63920ea6b34f3720,chalky taste
84cc8b5e9576274bf606b1f34fe91aee,chalky taste
0cfce4b5c6cbd16ef485b23dd3b54c79,chalky taste
7ba297106637b7e84d699e24a86c97f5,chalky taste
a5d38509baefdf8c58a2fd82c109b60d,chalky taste
8d96804a1dd644376e6be72f50ee2bce,chalky taste
6eac798611fdc6d9a17b6ce5e3492d68,chalky taste
79994c714d4d2c7796e014a9aa45d8f4,chalky taste
9290715ed5a3f18eae4061cc89ea9931,chalky taste
2079f2047c7c225bd041ca32ab9b2b28,chalky taste
890a81440c9bbfe15ba8fa7c35302b72,doesn't work
73a5a46a347f53686c0919c89b6b90aa,doesn't work
433b58aed7da6e25450ded2882aa64a3,doesn't work
b4e31b2f397744a9ad3e84d404153509,doesn't work
5844267ace1d6f7cada9b808406e21a5,doesn't work
2550a9516f8aba9041bff605f4e39686,doesn't work
950646c2d0871f93f37f6e6397a68a0c,doesn't work
fe5363af4c88b0094f03971290f54b20,doesn't work
9668350e5785d2220d08699018965c74,doesn't work
c66989cdea86ecea718a388a46465f8a,doesn't work
e268395f232b7e73738baa2815aa46ce,doesn't work
abd9873d706bb3fe5cb4e9ef4fd881d4,doesn't work
5e2316653bf9a5b9bd2dd3d296ae56a0,doesn't work
ac3f2b2e7a3c722b6c296b05a7141251,doesn't work
d970c50854fbad005d9704ada706304d,doesn't work
743811cdd21df5890d4fc59aac44dfea,doesn't work
ba182a118e363377c6adfc25877c39ab,doesn't work
176e2317655ab571282415ca85f5c06f,doesn't work
81ae0aaff86a5ea0a3303eabb88c6183,doesn't work
528abd726f2819e8d5a0d2ae64654430,doesn't work
9531facec9be07edc1ff76b3ce88a6f6,doesn't work
515884a4d34f0de982c4e5eac20e3c5a,doesn't work
14dc5922dda4ed5dd2a72fea0d183275,doesn't work
91df1b8fd9bc973c8586951ba2d53ce1,doesn't work
0bc7aa8b8cb696b4ad6493aa8b16f145,doesn't work
3d8e3f289a0eaf7e3f966c8a302ccab9,doesn't work
ff9da376529045bbdb0aa198b41607f3,doesn't work
452d9d12bbd6ceb70a88a5ce73d2a064,doesn't work
17ffbf507772cba74671bee75c8d7780,doesn't work
e4ff1c958cc41ead6d6217029c1ae45f,doesn't work
3005fca4e2fad3e2db0092787f888063,doesn't work
75ba81afe3d0281f75cfc055e5f0268d,doesn't work
ad241699f133e67f2d7d714045c0f731,doesn't work
70495a6b476b1bd860342b3dc14ea27c,doesn't work
96518efa344d70faa59c3428abaee97c,doesn't work
1124f461946d6bf02697127badc530bb,doesn't work
eb58a6991c951a64a3808962a07a18a0,doesn't work
34d665f368510316414a89faf1fb03e8,doesn't work
78eeed73152dcf0690c77fed853902b5,doesn't work
941df8f234334c59cef724e4c39a915d,doesn't work
2237be17711f3712e9bb6fd27a50cf4f,doesn't work
9e5fc14bb52c590b57a981edb8508f72,doesn't work
0689fe5cb2a766cd40d13150de11fbf0,doesn't work
738f5426dd3554b1fe183e7d1f5f491c,doesn't work
5874e99a623540ae7e43b895ca0b8613,doesn't work
5e19d074a62fdb871f43b7e308a8df34,doesn't work
fbc5ffbfb92fe64a6c6222ec4a06063a,doesn't work
73df468a2d91071fc574ad374ca22e31,doesn't work
195be08a642ab5133c69d85870978f2b,doesn't work
78e68325632560831d1ecb1ce1c3541f,doesn't work
6d11fd402fb63d8cf611b97e6ac1855c,doesn't work
a95f2491f037623e8f4b8ee783b00b93,doesn't work
d593c160d43d7f15fa23c03de2342d93,doesn't work
e620ca0b575adb551c163794ebf96215,doesn't work
6665bc63b60dad7176dab328c6646fb1,doesn't work
201e4d8830415fabd2005b1dbdee9e7d,doesn't work
dff95e74a52a3261efe715bb465b5fd6,doesn't work
0586ea13ce236c5e2f173112080cd614,doesn't work
9a08799f595f25c083f5427cec79abb6,doesn't work
4d5ac8f8d978063c34885b2d25f771cb,doesn't work
5115a80a3e5f03118038274969671cb3,doesn't work
b8ceef08d476bfc02cae0814c99b5196,doesn't work
2a48a0f4f0ea2cc1fbe4e82e3f438d25,doesn't work
f4f5d76c25dcdd8f9978de4374010a60,doesn't work
845a1e83642e03b6ffb140350417b9fc,doesn't work
66c1bb51ae5121456e251a69dca810d5,doesn't work
71af309a083209d3c6304e87f5e33a5f,doesn't work
68e2b38d76156d5c5ccccba6e6b4ebad,doesn't work
b20987a6ddca90dbeaf2d05208d97571,doesn't work
de5910ad7339e5a3ae3e9b842dfba3b0,doesn't work
228dc0e6effecf0a0422fa89e0f1d0a0,doesn't work
a38a8810ce424b2cf70bd6302e8cfc84,doesn't work
b47df7375ad1ef2f6819cc1291473aa0,doesn't work
b83052e6dfdfb62a02304ab93194d0c3,doesn't work
1325220ee2928b480c0b7497d4d376fe,doesn't work
b77f828c42105b0961a128af16b6c59c,doesn't work
205c934cadd60bfc63cff79a13490379,doesn't work
ab0d3eb3d9ce8490817715308cb23408,doesn't work
05935a9b592deeafafbf34dc9a23cdc4,doesn't work
0e5b40594128126765642ac3242cd343,doesn't work
e218c79828c7a98b93623dc1c749385d,doesn't work
0d1d082bd9b6e2353c35ab787a532678,doesn't work
e81441ac8b50f9d09525612c47384f6b,doesn't work
e80a93e4423b47bac80994b350d59b92,doesn't work
37fc03d0054184b4a4b67865047c3b37,doesn't work
fa6a4aff5c2677adadb374c5ed2b14ee,doesn't work
78216587e8adb3dd0cf9340fd0757718,doesn't work
491c4e17989bbf4509919d44427cc901,doesn't work
97171dfd35fe20f1bb3c773d2aec8f10,doesn't work
8d46c97efe27654ff0ec9266f35c5535,doesn't work
77eeb4e8af09c101a2f708ff355ce562,doesn't work
fb31d5dd69222dc4521522e4f5676260,doesn't work
eda1c528a1c91eecd9cb5ac15f6b6f1b,doesn't work
0fd20ad9abd9c37687d6a101e80caffa,doesn't work
6adb90260a46d012eeebc4039470cc2d,doesn't work
4fcc9251574f755ad4153b6ce8c86aac,doesn't work
2b8d99abcd18f2f3a2bf50f8ea5669f3,doesn't work
c4eccc924fddd90584731cfef66e64d6,doesn't work
73b224765ff40b00cf8838b4a8411df4,doesn't work
e8dafc09b12abe158b6f41bd277d8e30,doesn't work
7c365cfc5a0fc3a392f2c7657b3a0258,overpriced
d99d3f938906492454cca22b5f9805a9,overpriced
7b73015d049a13e167e1a53c1b13a78f,overpriced
97c11e95dd7f255d3292ded7d7fb2195,overpriced
1ca0014136ca709da9407ba14a4c0a43,overpriced
538f72fae137e4dbbd884a3c160284ba,overpriced
386bb7c9aba58819fdb63e4890074987,overpriced
f5cfce9a4f65a4b71b152e68ffd28078,overpriced
a6a3d7a5aa279cd4e3aa4d10224b1bea,overpriced
d487d12c43c33367d7a687bc3680fee2,overpriced
16225c3eeefba6d59dba1807a3f1bf89,overpriced
b4736bf987414c2b0797f55952575734,overpriced
127a8651f4777e1d0059d66388d742e9,overpriced
2310ffb25ab13b0c5477ce8a4f154cb9,overpriced
c4ffd6cefef08de1c0aaa98408cf9116,overpriced
c29e885b836e42e7d2b0f9b508ae68bc,overpriced
7ee9db4c3013208343caccc130c72602,overpriced
2e66f23cdf710d0e8527f71e18ddaa48,overpriced
60713679c21b520c594d9c9e6f37f8ac,overpriced
820d2b3cea631c3d6e1f8167885d92cf,overpriced
8fb5647ccd5b17b796551fba40bccd22,overpriced
5bc7a1e3656c29d3beb7bcba2490d767,overpriced
23c6b4a27f600a97fecb796696c7fcd1,overpriced
fe5363af4c88b0094f03971290f54b20,overpriced
b51071495233b236c0ddf4aed0e8a039,overpriced
9f0f69a7ed93b83a26e7a6617852d06d,overpriced
62392d41587bc15d584f618c2f2232b6,overpriced
a04ea3e086d2769e820833d2371cccc9,overpriced
904cec86f54ad0f988e05d1648ac22e7,overpriced
613b25c03c355292c07c1c5ed594d44d,overpriced
053ffca5f602b978d2409768969a3d0f,overpriced
508ca7a758cd5a1d8ad023d03d0863d7,overpriced
17ffbf507772cba74671bee75c8d7780,overpriced
cfd6ccf1ae99198fa717339451db67d9,overpriced
b3d4017c413a5c43456a42073a9963af,overpriced
3005fca4e2fad3e2db0092787f888063,overpriced
6790a0be3e159337f7afd0ad23638da8,overpriced
96518efa344d70faa59c3428abaee97c,overpriced
1124f461946d6bf02697127badc530bb,overpriced
78eeed73152dcf0690c77fed853902b5,overpriced
0689fe5cb2a766cd40d13150de11fbf0,overpriced
826a59d73619111484025a6640e3af43,overpriced
195be08a642ab5133c69d85870978f2b,overpriced
98bc0536e3046f1f2c57418df45de4cd,overpriced
66c1bb51ae5121456e251a69dca810d5,overpriced
9ab99752ec44168ae9b4b6e787b1d696,overpriced
c59dc5674d3ad964936c2276619b6454,overpriced
b20987a6ddca90dbeaf2d05208d97571,overpriced
e140335c1c7f0e9f09551874c597553b,overpriced
b47df7375ad1ef2f6819cc1291473aa0,overpriced
1325220ee2928b480c0b7497d4d376fe,overpriced
b77f828c42105b0961a128af16b6c59c,overpriced
bbb3cccde56b242c6ae405ce81a4c69a,overpriced
e81441ac8b50f9d09525612c47384f6b,overpriced
7dc97f7f4cdd5342ed12a96695c6ddba,overpriced
37fc03d0054184b4a4b67865047c3b37,overpriced
b7668a9cd24e87a278e30d05d8381d68,overpriced
11ccbe8633b60dff3ad2998d79e142bf,overpriced
6eac798611fdc6d9a17b6ce5e3492d68,overpriced
79994c714d4d2c7796e014a9aa45d8f4,overpriced
9290715ed5a3f18eae4061cc89ea9931,overpriced
e4c78bc24bb5bd5b6248c496c4915b06,seal broken
7b73015d049a13e167e1a53c1b13a78f,seal broken
934a5bfdc05d211ceb20ea8fe3473226,seal broken
f415d31f4ddd01b9fd6d9cd9f63742f3,seal broken
503bb4fb4ccdaee5d2bcac527b3877b3,seal broken
6d11fd402fb63d8cf611b97e6ac1855c,seal broken
5c6e7250d2be2e7ea05fa1ab6d0cc30e,seal broken
98bc0536e3046f1f2c57418df45de4cd,seal broken
fe5f9b3f3a9e71a04c5d80133d9fa97c,seal broken
f03426d3682d98d4b817247f9c2a028d,seal broken
5404a6c939aaedd2798548b96720d842,seal broken
b8870ef364beae1ef22daa6f1955dab8,seal broken
1e6199e12cde825b915064aae8cc811e,seal broken
78216587e8adb3dd0cf9340fd0757718,seal broken
5b8f8a7dee65465ceeefddf724fafd45,seal broken
6b9505c84d77b3b0e0aa4f4dd7afbdbc,seal broken
f2cb3f9690d5c9ef39987e0b370cd7f7,seal broken
22f88095fd3560d8ea4d0fbc912785eb,seal broken
97171dfd35fe20f1bb3c773d2aec8f10,seal broken
77eeb4e8af09c101a2f708ff355ce562,seal broken
fb31d5dd69222dc4521522e4f5676260,seal broken
eda1c528a1c91eecd9cb5ac15f6b6f1b,seal broken
bf4e5381ecc94dc2bd35eada52151781,seal broken
309b0420ec1ef2fa2c3718661eab4bcc,seal broken
c9905768a35457785bda157b41350a2a,seal broken
2b8d99abcd18f2f3a2bf50f8ea5669f3,seal broken
d80a5e6ec768f03210109ff45ba42cbf,seal broken
e2263932df4a97fcf78dcb2d828f1672,seal broken
73b224765ff40b00cf8838b4a8411df4,seal broken
bbf860edcf824722a0600b5b608f8542,seal broken
693c58176f69416fbe62f1b71cd7c6d3,seal broken
9290715ed5a3f18eae4061cc89ea9931,seal broken
d75b0dc635f1753ec518d735905b6b67,seal broken
5fd2785b907d54535c0b0de5420797c6,wrong flavor
5504ce3ac4e3a6ad14129189080bc201,wrong flavor
b5f56caff0166091c9677c606adfe8a8,wrong flavor
f994400960395bf4ef144bba5dfc99b2,wrong flavor
0ce17f5cecea1782a2146c6c5417004e,wrong flavor
8fb5647ccd5b17b796551fba40bccd22,wrong flavor
fe5363af4c88b0094f03971290f54b20,wrong flavor
c66989cdea86ecea718a388a46465f8a,wrong flavor
053ffca5f602b978d2409768969a3d0f,wrong flavor
176e2317655ab571282415ca85f5c06f,wrong flavor
dd2dfe44892a5e778e221a5b3248415d,wrong flavor
6770fff13604b158cc28a9d0022ac70c,wrong flavor
508ca7a758cd5a1d8ad023d03d0863d7,wrong flavor
6d42974d45814b89e683d64b5472ed6d,wrong flavor
1d256d6c9b87fc3fe817c7f9ed583e4f,wrong flavor
9f908d5d2fb727b53994c38399b7aee0,wrong flavor
184c5436f18e19fb539acf881aff65a4,wrong flavor
3d63cf4fa143f28cca9e9cef3fa76294,wrong flavor
fb37f79e0bafca15bc6f87c162cd7adb,wrong flavor
60e069a49f5383fe0c6053f1eca1cbae,wrong flavor
2d20941b25693c812604ed0414a455d4,wrong flavor
c68e1e5cd2b135006b6feeb7f9b2b55a,wrong flavor
1984f5860f61f22d9f3cd8aaeefec797,wrong flavor
8ec8a8369039dbb491b91a80094edbfb,wrong flavor
84cc8b5e9576274bf606b1f34fe91aee,wrong flavor
49870f42631415ab62c159011f2b1b62,wrong flavor
ce7d9860da296c73f0f4404b3b2033a3,wrong flavor
e262f5bccaf274ad7b05fe8676724767,wrong flavor
